{
  "hash": "9c62f1ef",
  "configHash": "01e8e818",
  "lockfileHash": "cc2dda4a",
  "browserHash": "4b45994c",
  "optimized": {
    "@angular/common": {
      "src": "../../../../../node_modules/@angular/common/fesm2022/common.mjs",
      "file": "@angular_common.js",
      "fileHash": "7087ec96",
      "needsInterop": false
    },
    "@angular/common/http": {
      "src": "../../../../../node_modules/@angular/common/fesm2022/http.mjs",
      "file": "@angular_common_http.js",
      "fileHash": "9334a933",
      "needsInterop": false
    },
    "@angular/core": {
      "src": "../../../../../node_modules/@angular/core/fesm2022/core.mjs",
      "file": "@angular_core.js",
      "fileHash": "51f3e191",
      "needsInterop": false
    },
    "@angular/forms": {
      "src": "../../../../../node_modules/@angular/forms/fesm2022/forms.mjs",
      "file": "@angular_forms.js",
      "fileHash": "ef1dca55",
      "needsInterop": false
    },
    "@angular/platform-browser": {
      "src": "../../../../../node_modules/@angular/platform-browser/fesm2022/platform-browser.mjs",
      "file": "@angular_platform-browser.js",
      "fileHash": "bd327fa1",
      "needsInterop": false
    },
    "@angular/platform-browser/animations": {
      "src": "../../../../../node_modules/@angular/platform-browser/fesm2022/animations.mjs",
      "file": "@angular_platform-browser_animations.js",
      "fileHash": "2bee5a6d",
      "needsInterop": false
    },
    "@angular/router": {
      "src": "../../../../../node_modules/@angular/router/fesm2022/router.mjs",
      "file": "@angular_router.js",
      "fileHash": "046c39dd",
      "needsInterop": false
    },
    "ngx-spinner": {
      "src": "../../../../../node_modules/ngx-spinner/fesm2022/ngx-spinner.mjs",
      "file": "ngx-spinner.js",
      "fileHash": "7a1a98c7",
      "needsInterop": false
    },
    "rxjs": {
      "src": "../../../../../node_modules/rxjs/dist/esm5/index.js",
      "file": "rxjs.js",
      "fileHash": "a778e908",
      "needsInterop": false
    },
    "rxjs/operators": {
      "src": "../../../../../node_modules/rxjs/dist/esm5/operators/index.js",
      "file": "rxjs_operators.js",
      "fileHash": "ee07d344",
      "needsInterop": false
    }
  },
  "chunks": {
    "chunk-EEGFBRYX": {
      "file": "chunk-EEGFBRYX.js"
    },
    "chunk-BMTHT72A": {
      "file": "chunk-BMTHT72A.js"
    },
    "chunk-A56AIBG5": {
      "file": "chunk-A56AIBG5.js"
    },
    "chunk-RXWAIFAN": {
      "file": "chunk-RXWAIFAN.js"
    },
    "chunk-36RGYJGJ": {
      "file": "chunk-36RGYJGJ.js"
    },
    "chunk-V2DXGMIT": {
      "file": "chunk-V2DXGMIT.js"
    },
    "chunk-UKEHM6V6": {
      "file": "chunk-UKEHM6V6.js"
    },
    "chunk-ZDOIMVJD": {
      "file": "chunk-ZDOIMVJD.js"
    }
  }
}